Id	FirstName	LastName	Email	Address	DOB	PassportNumber
1	Alison	Wisozk	Fish53407@gmail.com	02393 Armand Circles, Kihnport, Connecticut 80959-3042	02-05-1961	998899309
2	Lew	Brekke	system71967@gmail.com	20523 Willms Rue, North Orin, Maryland 26622	08-16-1969	199402793
3	Roscoe	Von	HandcraftedCottonComputer81056@gmail.com	670 Heidenreich Square, South Lincolnview, Kentucky 11469	02-08-1956	926115958
4	Edison	Champlin	virtual43571@gmail.com	225 Royal Haven, Normafurt, South Dakota 56624-8340	03-20-1988	601434616
5	Nigel	Conn	Michigan21035@hotmail.com	936 Batz Street, South Casey, Michigan 22884-1847	02-03-1991	261395559
6	Sharon	Funk	Implemented55873@hotmail.com	488 Keeling Ports, Konopelskishire, Indiana 67088	05-29-1982	012814978
7	Rahul	Conroy	program4801@outlook.com	860 West Road, East Pat, Michigan 60661	08-14-1975	384403828
8	Willard	Lubowitz	Internal22257@outlook.com	95045 Trisha Cove, South Jessika, Alaska 61512	06-05-1975	208515344
9	Minerva	Nolan	Cambridgeshire26979@gmail.com	07009 Beahan Tunnel, Tiarafurt, New Jersey 74534	06-09-1977	888184931
10	Jaron	Jaskolski	Home21697@outlook.com	8070 Heidenreich Field, East Alex, Louisiana 55462	05-03-1963	870546244
11	Bo	O'Reilly	driver51632@hotmail.com	6979 Vida Shoals, Horacemouth, Louisiana 20059-4885	06-08-1994	466937896
12	Otho	Gerhold	calculating53600@gmail.com	7985 Verla Pass, Kaylahville, Nebraska 21457-6620	08-06-1997	399970229
13	Jesus	Price	system96441@hotmail.com	56919 O'Kon Pine, O'Harabury, Alaska 82631	10-15-1967	582662575
14	Darlene	Roberts	backingup32723@hotmail.com	0593 Streich Stream, Lake Dawson, Pennsylvania 76749	11-30-1961	705736183
15	Gavin	Leffler	Pennsylvania86706@hotmail.com	324 Kuhic Plaza, Jacobichester, New Jersey 28289-5573	01-24-1954	549510644
16	Reuben	Wolf	Wooden12584@hotmail.com	29440 DuBuque Lake, Estevanberg, Maine 17953-8851	07-27-1996	855154963
17	Shayna	Hilpert	hack61490@outlook.com	4550 Isom Isle, Lilashire, Arkansas 16610-8303	09-14-1980	780757677
18	Dannie	Reilly	lime87492@outlook.com	0784 Alena Port, Irwinfurt, Michigan 26923	09-22-1989	389327323
19	Zakary	Hoeger	orchestrate2992@outlook.com	542 Denesik Parks, West Louveniaton, Connecticut 34207-8155	12-22-1973	324097157
20	Vivian	Lind	Keyboard70577@hotmail.com	361 Marks Corners, West Deontae, New York 80366	08-06-1967	874239291
21	Crystal	Jacobson	ubiquitous80846@yahoo.com	60370 Kuhn Expressway, North Stacey, Wisconsin 46323	10-21-1978	393260315
22	Mateo	Osinski	1080p45440@outlook.com	63935 Jones Roads, Lake Elainamouth, Delaware 41381-5242	04-08-1988	367400873
23	Susan	Lakin	Consultant90046@hotmail.com	4106 Evans Land, Romagueraport, Louisiana 58898-2064	01-01-1974	685747858
24	Lucy	Walker	Assistant5975@hotmail.com	732 Raheem Spring, Nikolausfurt, Wisconsin 81862	11-23-1966	285370727
25	Manuel	Windler	pixel30076@gmail.com	5696 Hegmann Villages, South Jaime, Rhode Island 16953-3126	02-09-1989	190744512
26	Denis	Cruickshank	Trail92323@gmail.com	96865 Erdman Parkways, West Eulaland, Pennsylvania 92927	10-01-1983	185973128
27	Robert	Jerde	Garden13712@yahoo.com	714 Kara Gardens, South Tyrelchester, Kentucky 29813	10-13-1996	491632394
28	Jadon	Rohan	Legacy57709@hotmail.com	87140 Herman Lake, Lake Miltonchester, Idaho 45398	05-02-1980	043481335
29	Delphine	Schulist	District55260@yahoo.com	39322 Sigrid Canyon, New Rosaleehaven, Mississippi 92435-9588	07-12-1980	315462956
30	Mikayla	Tremblay	Usability47293@outlook.com	79831 Zion Viaduct, Faustomouth, Montana 16116-9338	05-29-1955	598674276
31	Jeffry	Rutherford	Cotton73945@yahoo.com	312 Genevieve Flats, Fadeltown, New Mexico 44868	09-05-1962	436504475
32	Hassan	Rutherford	Tools34968@outlook.com	0907 Glennie Springs, Lenoraberg, Montana 02436-0441	08-13-1976	339427742
33	Junius	Cassin	Metrics66202@outlook.com	6462 Hudson Junction, South Ruth, Connecticut 71032-7521	11-07-1992	189369487
34	Braulio	Hackett	FantasticPlasticTowels78222@yahoo.com	185 Nader Square, East Hans, Maryland 84640	09-30-1954	289462884
35	America	Bogisich	port51709@outlook.com	19868 Josie Overpass, South Layla, Arkansas 72679	06-23-1980	473587246
36	Arvid	Kautzer	partnerships48510@outlook.com	972 Littel Course, Carmellaborough, Utah 22030-1322	09-27-1962	246380084
37	Everette	Lynch	Avon14893@hotmail.com	59714 Giovanny Junction, Zulaufmouth, Kansas 35350	07-26-1990	404324510
38	Travon	Bergstrom	actuating12038@outlook.com	80972 Gislason Path, South Nedraside, Arkansas 80231	02-07-1972	122212348
39	Krista	Mayert	SavingsAccount26492@gmail.com	7181 Ziemann Knoll, West Titusland, Arizona 27783	08-09-1989	359844466
40	Antwan	Purdy	optical77517@yahoo.com	13464 Towne Streets, North Anabelle, Connecticut 54128	07-17-1996	969831565
41	Connie	Walsh	infomediaries57530@yahoo.com	469 Joel Vista, Beattyhaven, New Mexico 21429	12-07-1966	636505896
42	Brady	Farrell	Uganda68084@hotmail.com	8177 Reinger Drive, Gloverburgh, Texas 41990-9485	10-01-1969	310842688
43	Guiseppe	Littel	Rubber94938@outlook.com	206 Cassin Port, New Donnieview, Utah 76756-0498	05-10-1979	104735905
44	Jessie	Rath	Shoes44763@outlook.com	664 Fadel Village, Lefflerhaven, Maryland 74691-1510	02-03-1987	557831335
45	Jailyn	Larkin	aggregate99896@outlook.com	011 Crystel Crest, Kunzeberg, Tennessee 05877	08-25-1990	917598090
46	Jose	Bailey	intangible32665@outlook.com	678 Jerde Tunnel, Adrienfurt, Illinois 65914	12-22-1986	175360334
47	Eldridge	Kerluke	Buckinghamshire76932@gmail.com	66773 Mozell Burg, Smithamtown, West Virginia 41317-9460	03-31-1978	709294042
48	Shanon	Schaden	Awesome29798@yahoo.com	849 Dino Dam, Karolannchester, Texas 88763	01-25-1969	251406643
49	Isabell	Effertz	YuanRenminbi82194@gmail.com	505 Maribel Walk, Markusport, Minnesota 21002-1813	08-23-1976	658509815
50	Margot	Runte	Secured19907@outlook.com	473 Heath Creek, Port Timmothyborough, South Dakota 78718-8955	11-01-1997	352027644
51	Christelle	Gottlieb	payment55974@outlook.com	843 Metz Mall, Port Quinnfurt, South Dakota 68747-3716	09-14-1989	087004248
52	Juana	Jaskolski	disintermediate8290@hotmail.com	569 Joe Inlet, Cullenton, Minnesota 35876-5566	05-23-1986	065165260
53	Evan	Cronin	online54606@gmail.com	303 Hilll Parkway, South Maryjaneland, South Dakota 86097-8907	06-24-1968	652196756
54	Gussie	Langosh	Gorgeous38895@yahoo.com	820 Elenora Center, Rigobertoside, Mississippi 17819	03-23-1956	030532958
55	Karlee	Price	card81852@outlook.com	0942 Leuschke Mission, South Cobyside, Ohio 87473-1989	10-03-1987	528974608
56	Ruby	Tillman	deposit89387@gmail.com	070 Santa Shore, Summerbury, Wisconsin 92999-7961	11-27-1985	402954125
57	Deshaun	Cruickshank	turnkey34071@outlook.com	80392 Gabriella Island, Port Raulfort, Iowa 55737	12-07-1969	274877827
58	Nathanial	Nienow	RefinedCottonPizza127@hotmail.com	180 Langworth Corners, South Jeremie, Oregon 56369-1025	06-05-1979	401617198
59	Adrianna	Zemlak	5thgeneration2667@yahoo.com	4409 Denesik Underpass, Eunaville, Alabama 28998-8010	09-13-1964	543976588
60	Samantha	Rohan	visionary53326@yahoo.com	626 Lauryn Walks, Lake Felicity, Hawaii 64462-0637	11-25-1981	177609205
61	Geoffrey	Will	Incredible95988@yahoo.com	452 Irwin Cape, New Otha, Florida 41411	09-29-1988	899575671
62	Kallie	Pacocha	Electronics79800@gmail.com	1842 Marvin Vista, New Janessachester, North Dakota 31331-0903	02-11-1974	679883883
63	Chase	Boyle	Incredible91039@hotmail.com	0681 Breitenberg Avenue, South Randyfurt, Montana 67934-9215	12-02-1954	164694660
64	Jennie	Balistreri	Platinum96058@hotmail.com	2722 Durward Light, Hermistonmouth, Illinois 96103-4309	01-04-1954	681269140
65	Lindsay	Nader	BolivianoMvdol14930@outlook.com	8994 Rolando Estates, Port Jaquanberg, South Carolina 34267-2014	11-15-1984	349691581
66	Mariam	Pfeffer	input89116@gmail.com	536 Blanche Knoll, Connmouth, Massachusetts 07128	04-16-1971	640734147
67	Ladarius	Rutherford	Denmark15265@hotmail.com	61241 Parisian Squares, Gutmanntown, New Jersey 11137-3025	09-14-1966	652909995
68	Annetta	Dooley	brand7709@gmail.com	8648 Langosh Highway, Lake Francisca, Missouri 91616-4593	02-27-1961	239042848
69	Jackie	Dibbert	Soap59357@hotmail.com	180 Kihn Ford, Alfonzochester, New York 88366-3787	09-16-1996	372413567
70	Baylee	Hoppe	Group99587@yahoo.com	04916 Schumm Causeway, New Norvalbury, Connecticut 45960	09-24-1967	861487361
71	Emilio	Shanahan	Mills18441@yahoo.com	1837 Dell Points, East Marcoborough, Pennsylvania 24790-2466	12-25-1992	810342764
72	Mabel	Parker	PCI72670@hotmail.com	00116 Effertz Spurs, Delbertburgh, Michigan 71870	06-13-1975	873714289
73	Citlalli	Hirthe	Towels46804@yahoo.com	762 Brekke Wall, Rhodaville, Maryland 79028	04-11-1955	809993874
74	Courtney	Wintheiser	Tools87693@hotmail.com	49996 Rhianna Lodge, South Camylle, Illinois 96283	08-24-1978	352372879
75	Estevan	Bergnaum	mesh17784@hotmail.com	7446 Jones Parkways, Deshaunside, Illinois 90690	12-05-1957	453668575
76	Howell	Fritsch	highlevel46435@yahoo.com	3959 Schneider Light, Isomhaven, Hawaii 67948	09-19-1993	673112600
77	Alicia	Shields	experiences31193@outlook.com	29082 Uriel Oval, Dorothytown, Louisiana 24674-8472	03-16-1988	929661206
78	Jerrod	Franecki	capacity21081@gmail.com	968 Raoul Pine, Lake Meaghanbury, Pennsylvania 08065-2059	09-24-1973	047481168
79	Vincent	Bins	Coordinator32614@hotmail.com	169 Gaylord Court, Eichmannside, Texas 14120-7090	06-21-1983	262185159
80	Aidan	Hoppe	black48132@gmail.com	1755 Joan Views, New Heidibury, Alaska 28010-6264	11-11-1955	278826193
81	Anissa	Heaney	IntelligentFreshChips52272@hotmail.com	910 Larson Valleys, Lake Forrest, Texas 43523-1328	11-29-1976	952419767
82	Ceasar	Berge	digital98978@yahoo.com	11802 Olson Key, Elenoramouth, Colorado 64378	12-14-1985	166185631
83	Claudie	Klein	microchip30999@yahoo.com	50969 Janice Ports, South Nelson, Colorado 74044-8883	07-15-1997	151759547
84	Mabel	Sanford	AutoLoanAccount51836@outlook.com	74241 Norris Court, Nikolausfort, Texas 73280-7986	03-03-1994	848796389
85	Janiya	Langworth	bypassing58555@hotmail.com	49947 Lyda Pike, New Althea, Utah 07150-9561	03-02-1978	077439019
86	Shawna	Turcotte	integrate42433@gmail.com	1120 Howell Wells, Port Mariahstad, Nebraska 15979-0719	05-27-1981	848729580
87	Rosalyn	Rodriguez	eenable66219@hotmail.com	27241 Trever Harbor, Marvinmouth, Oregon 81470-2013	05-11-1980	754087438
88	Gregg	Heller	Creative9535@gmail.com	22510 Kennedy Street, East Kileyhaven, Minnesota 23392	04-14-1995	523928527
89	Jared	Smitham	Pants17592@yahoo.com	893 Goldner Squares, Port Bettye, South Dakota 92840-2791	12-09-1964	336514693
90	Kim	Frami	virtual22973@hotmail.com	79131 Vernice Isle, Barrettmouth, Connecticut 50093-4581	12-16-1993	513110368
91	Anastasia	Farrell	superstructure47001@gmail.com	9610 Kelvin Ridge, Lake Bethland, Virginia 95267	02-01-1976	755336285
92	Wava	Reinger	teal42449@outlook.com	88499 Dannie Fork, East Cary, Mississippi 39566	08-09-1975	337916633
93	Sigmund	Becker	Teamoriented86125@gmail.com	956 Willms Meadow, New Jarodside, Kentucky 26124-9154	03-14-1955	087639407
94	Yasmine	Ortiz	Chief12277@outlook.com	73803 Antoinette Shores, Emmittville, West Virginia 35545	09-03-1968	699863133
95	Elwyn	Simonis	collaborative30374@outlook.com	0484 Baumbach Estates, Nakiaview, Maine 16009	05-31-1979	477139236
96	Bill	Stroman	synergistic83016@gmail.com	007 McLaughlin Crest, East Jaime, Wyoming 33882-8928	05-25-1979	273964176
97	Blaze	Watsica	Greens69382@hotmail.com	3329 Pablo Union, Port Dorian, Wisconsin 11059-3654	04-16-1982	625760902
98	Darrion	Borer	Lead71348@outlook.com	0512 Hammes Junction, Port Presleyburgh, Texas 15633-6451	03-08-1984	043566886
99	Ford	Gislason	InvestmentAccount69753@yahoo.com	60904 Rippin Shore, Port Yasmeenmouth, Illinois 89276-4443	06-21-1993	407525854
100	Otha	Towne	Tugrik1842@gmail.com	918 Marks Circle, Harrismouth, New York 89685	05-28-1983	001760387
101	Eugene	Mayert	Wooden69211@gmail.com	12499 Kuhlman Field, Nadiafurt, Alaska 65017-8491	05-10-1982	300956815
102	Frederique	Feest	THX58939@hotmail.com	91217 Maryse Green, Port Linaport, Vermont 02585-5286	11-29-1970	146159756
103	Hank	Bogisich	copying33855@outlook.com	45726 Mazie Bridge, Keirahaven, West Virginia 82193	12-19-1971	803185893
104	Bertha	Wilkinson	crossplatform20272@hotmail.com	96858 Emmerich Lodge, North Hilton, Oregon 34349-7063	01-23-1980	759263797
105	Damian	Kassulke	Future77446@yahoo.com	2766 Krajcik Wall, Raultown, Nevada 19885-8251	01-08-1974	248758953
106	Louisa	Mitchell	Concrete58367@gmail.com	77949 Weimann Station, Lindgrenland, Virginia 28681	05-28-1971	229557556
107	Quinn	Harris	SMTP17126@hotmail.com	56530 Sadie Well, Jerdeton, Montana 29767	07-19-1973	648441920
108	Jaleel	Murray	Handmade51220@hotmail.com	40371 Rosalyn Prairie, New Lily, Massachusetts 00845	12-11-1980	122491782
109	Cordia	Brakus	Pizza46767@gmail.com	203 Gerlach Crossroad, Port Dejon, Oregon 83383-0735	02-22-1978	972665184
110	America	Lakin	Lempira95493@yahoo.com	5457 Predovic Squares, Mullerborough, Montana 48564-2060	12-14-1966	526863088
111	Pasquale	Hermann	product81529@yahoo.com	13385 Nikolaus Ville, Nicolashaven, Alaska 49933-4638	08-03-1987	097731452
112	Odell	Durgan	synthesize42459@hotmail.com	71991 Orin Skyway, New Mckennaville, South Dakota 84571	03-03-1986	508214719
113	Scot	Mueller	unleash61281@outlook.com	4006 Moen Plaza, Kenshire, Hawaii 66161-9423	08-29-1995	234456418
114	Glenna	Little	payment29826@gmail.com	023 Larson Plaza, Hartmannburgh, Mississippi 13510-3879	12-07-1976	988882540
115	Minnie	Erdman	tertiary69373@gmail.com	6035 Rutherford Bridge, West Savannahfort, Florida 63345-4398	09-27-1958	012826661
116	Bernadette	Bauch	parsing34795@yahoo.com	82909 Moshe Light, North Cecilhaven, Ohio 76366	04-17-1970	459671853
117	Audrey	Stracke	Frozen89074@gmail.com	74653 Will Heights, Murielmouth, Utah 38568-8882	08-01-1966	928712207
118	Mathias	Upton	Light50517@yahoo.com	04325 Von Inlet, Lolitaville, Oklahoma 73390-7604	09-12-1954	566838078
119	Marguerite	Runolfsdottir	24/36511336@gmail.com	6065 Rubie Spurs, North Benton, Georgia 79939-6826	05-14-1988	312007548
120	Americo	Gibson	pixel40896@yahoo.com	36336 Davis Island, Mosciskiton, New Jersey 45700-4452	05-13-1974	168832129
121	Angelo	Smitham	capacitor81645@gmail.com	8413 Conn View, Lake Lacy, Arizona 23654	04-08-1987	657386593
122	Ryley	Cummings	lavender32190@outlook.com	862 Wilkinson Overpass, Nikoport, Idaho 81935	07-21-1958	084196031
123	Neoma	Auer	Progressive9993@hotmail.com	58880 Nicolas Walk, Feilside, Alabama 78449-5689	11-25-1985	099045698
124	Rosanna	Schimmel	Chair78060@hotmail.com	053 Fritsch Parkway, Eileenside, Alaska 87236-8433	12-25-1962	254928667
125	Cora	Hermann	CaymanIslandsDollar94893@gmail.com	37001 Morar Stravenue, North Cassidy, New Mexico 98001	06-20-1997	477436662
126	Glenda	Hirthe	Liaison60481@hotmail.com	8763 Bella Park, South John, Kansas 97755	01-08-1958	155435918
127	Jocelyn	Langosh	Gorgeous74666@gmail.com	75643 Gerson Roads, Port Hudsonport, Nevada 32388-8226	06-30-1989	863065284
128	Kennedi	Ferry	synergize55097@hotmail.com	387 Howe Spur, Wintheiserhaven, Oregon 90388-6890	05-09-1989	559545789
129	Darlene	Barton	emulation50071@outlook.com	893 Christina Isle, New Hailey, Maine 83940-5298	01-16-1972	799161838
130	Laron	Crist	evenkeeled9011@yahoo.com	982 Schowalter Centers, New Sabrina, Oklahoma 00690-8594	10-12-1996	735219304
131	Verla	Nikolaus	copy22651@hotmail.com	59066 Emard Underpass, South Ottisland, New York 09645-9952	01-23-1988	567241801
132	Lenora	Champlin	ErgonomicGraniteMouse23947@hotmail.com	439 O'Reilly Burgs, Lake Michaela, New Hampshire 38811	01-28-1991	391049224
133	Laverna	Parisian	Denmark91345@gmail.com	1104 Brennon Trafficway, Bellfort, Minnesota 53450	11-17-1997	531878022
134	Candice	Stracke	QatariRial77836@hotmail.com	5944 Maxine Hills, South Sidburgh, West Virginia 61800-1660	12-04-1986	373468188
135	Dashawn	McGlynn	communities64365@yahoo.com	856 Kayleigh Highway, Lizaville, Maryland 93012	09-25-1982	039672065
136	Muhammad	Greenholt	Programmable64005@gmail.com	6210 Ole Meadows, Port Rettahaven, Montana 16651-2376	10-11-1960	736162899
137	Margarette	Bashirian	Squares4064@outlook.com	6509 Thiel Green, Margueriteport, North Dakota 62203	06-24-1975	338383094
138	Darrick	Price	Avon37464@outlook.com	4559 Hermina Courts, North Caesarton, Texas 32699-5245	01-14-1962	274153660
139	Carmel	Kihn	multitasking62641@yahoo.com	8096 Abagail Island, Dareton, Delaware 23928	12-26-1997	121256618
140	Mac	O'Reilly	UnbrandedCottonMouse10075@outlook.com	186 Bashirian Square, South Hadleymouth, Oregon 47458-0354	01-26-1995	807526059
141	Cecile	Nienow	Corporate48490@hotmail.com	45017 Schneider Valley, Estevanview, Wyoming 75307-5756	11-04-1993	382285779
142	Isadore	Russel	bypassing54926@outlook.com	689 Stehr Station, Lubowitzstad, Pennsylvania 37003	04-04-1992	192433401
143	Hilda	Beier	Wooden20593@outlook.com	3081 Mayer Ports, East Sethland, New York 37865-9988	04-13-1966	001005943
144	Garnet	Feil	LicensedCottonBike36258@outlook.com	7394 Barrows Island, North Thalia, Alaska 64558-4324	10-02-1995	113121486
145	Arvilla	Ruecker	Bedfordshire36604@yahoo.com	18817 Ellsworth Spurs, North Rosie, North Carolina 80272	08-18-1976	509966136
146	Carol	Cremin	hardware84261@outlook.com	788 Kassulke Glen, Port Bridie, Vermont 97415-9493	01-30-1991	063753870
147	Royal	Schamberger	Specialist3542@outlook.com	08559 Stokes Well, South Melvina, Delaware 49569	03-29-1955	628607061
148	Gennaro	Kirlin	deposit61894@hotmail.com	08513 Upton Ferry, New Lucie, Delaware 85184-6017	05-11-1958	259994265
149	Thelma	Sawayn	bandwidth22093@yahoo.com	4192 Sidney Mission, Annamaebury, Michigan 73440	04-27-1969	783111603
150	Jordy	Deckow	Overpass55090@hotmail.com	55713 Fletcher Garden, Madisenberg, Oklahoma 15621	08-09-1989	864120412
151	Katelynn	Barton	plum14063@yahoo.com	37362 Bogan Mills, South Ottoside, Kentucky 54205	01-06-1965	233576352
152	Margarett	King	Product79699@hotmail.com	6374 Weber Locks, West Danaton, New Hampshire 74398-7257	11-22-1969	951699504
153	D'angelo	Cartwright	Spur20484@hotmail.com	11046 Muriel Shore, West Miguel, Nevada 52176	06-30-1964	684779873
154	Anne	Moore	index68774@hotmail.com	999 Robyn Island, North Raphaelside, Colorado 21631	01-04-1969	820303607
155	Jan	Gusikowski	Engineer2120@hotmail.com	2171 Evangeline Cove, Emoryfort, Nebraska 99585-9282	11-04-1957	128293685
156	Roxanne	Stracke	optimizing80348@gmail.com	5783 Rowe Forges, West Jarontown, Alabama 56449-1211	05-02-1973	230859223
157	Tamara	Lesch	Run99319@gmail.com	3120 Roberts Villages, East Chadrick, Mississippi 81086	01-20-1981	660061744
158	Jaylan	Berge	Analyst38108@yahoo.com	7993 MacGyver Crest, Javierberg, Massachusetts 93503-6559	12-05-1959	552812723
159	Clifton	Ebert	matrix71073@hotmail.com	17973 Jaunita Plains, South Kenyattahaven, Nebraska 34408	06-10-1957	634934297
160	Reece	Thompson	InvestmentAccount72594@hotmail.com	71683 Torphy Plaza, North Pasqualechester, South Dakota 18848	12-12-1993	098299734
161	Diana	Collier	Central58064@outlook.com	01452 Tyree Mount, North Josiannefurt, New Jersey 23435	10-31-1965	754413781
162	Elvera	Nader	HomeLoanAccount34558@hotmail.com	43829 Orn Fields, Cassinhaven, New Jersey 32695	09-06-1978	028639141
163	Eva	Hyatt	Awesome52400@yahoo.com	48488 Tillman Ports, Lake Hughmouth, Rhode Island 35234-6375	06-28-1981	265115516
164	Norris	Kertzmann	quantify47550@yahoo.com	1538 Bashirian Spring, Antoninafurt, Louisiana 75554	12-24-1977	098042339
165	Anissa	Wolff	optimizing22482@outlook.com	408 Larkin Landing, Lake Arlo, Hawaii 43188	09-07-1961	515099502
166	Ismael	Bradtke	withdrawal82162@yahoo.com	292 Dora Mill, East Brianahaven, Minnesota 90423-0890	10-30-1971	257734352
167	Layla	Kihn	Division54737@gmail.com	665 Effertz Mountain, Vonport, New Mexico 99755	04-03-1988	812223397
168	Alexys	Botsford	Selfenabling25904@hotmail.com	7445 Hilpert Crescent, East Bradenfurt, Georgia 37206	03-15-1968	771791950
169	Denis	Abernathy	Generic53448@hotmail.com	95190 Federico Forge, South Sunny, Alaska 39085	12-12-1981	455513821
170	Eddie	Stehr	Bedfordshire66394@hotmail.com	787 Conor Glen, Margaritafort, Mississippi 59666-7141	08-26-1977	511643435
171	Lucious	Hauck	capacitor92765@gmail.com	55101 Mitchell Greens, Elsaburgh, Washington 14863-4774	04-16-1967	064924846
172	Katheryn	Bednar	Unbranded41901@gmail.com	58970 Addison Corners, North Mervinton, Kansas 49246	12-12-1978	248220071
173	Gloria	Muller	connecting50984@yahoo.com	5114 Jamarcus Path, South Silas, California 58876-6576	07-06-1978	699094234
174	Dariana	Kerluke	Marketing38225@outlook.com	8508 Hirthe Meadow, Bobbyville, Arizona 43409-6404	08-07-1987	520662224
175	Silas	Franecki	Legacy73762@gmail.com	212 Alberta Drive, Ramonmouth, Idaho 97402-2157	04-19-1964	328950155
176	Nathan	Schimmel	deposit20027@gmail.com	0215 Hintz Spring, Port Kiarahaven, Oklahoma 34475	07-29-1962	559660308
177	Magnus	Kozey	Springs63443@gmail.com	796 Vandervort Canyon, South Glen, Florida 70340-6065	01-09-1974	355752404
178	Mariana	Monahan	ChileanPesoUnidadesdefomento6867@gmail.com	714 Grant Fall, North Gloria, Illinois 11460	09-15-1996	116166674
179	Emile	Pfannerstill	payment40197@yahoo.com	21443 Hudson Fork, Margietown, Ohio 34015-0633	10-04-1977	577243332
180	Sasha	Hackett	Associate49221@hotmail.com	4452 Savion Crossing, New Dortha, Texas 40218-7389	04-30-1983	985038670
181	Virginia	Casper	CheckingAccount6506@gmail.com	67038 Adonis Greens, Lockmanview, South Carolina 64973	01-13-1985	908317404
182	Guy	Pacocha	RefinedFreshCheese55228@hotmail.com	853 Taya Lodge, Mosefort, South Dakota 93812	04-08-1976	916583947
183	Clemens	Baumbach	system98984@hotmail.com	026 Kessler Orchard, Marksview, North Dakota 92597	10-26-1981	820457735
184	Kaleigh	Christiansen	mintgreen92264@hotmail.com	7906 McDermott Via, Port Katheryn, South Dakota 99508-9793	01-21-1970	680296717
185	Glenda	Paucek	Books21588@hotmail.com	83307 Medhurst Field, Marcelfort, Louisiana 56363	02-18-1992	142381767
186	June	Rau	Computers15951@gmail.com	8709 Adrian Loop, Huelmouth, Georgia 78938	02-14-1958	108255951
187	Jettie	Gerlach	Corporate12895@outlook.com	80964 Murazik Brooks, South Kale, North Carolina 34166-3544	06-28-1982	657803532
188	Emmy	Waters	1080p45482@outlook.com	920 Larissa Walks, Jeromeburgh, Nebraska 13292	10-15-1983	705643992
189	Queen	Jaskolski	WestVirginia55873@yahoo.com	5731 Emelie Rapid, North Jude, Oregon 29366-0036	04-25-1979	181169689
190	Wyatt	Botsford	array29806@gmail.com	4679 Domenic Street, North Nobleborough, New York 66551	06-20-1954	542718906
191	Bernardo	Waters	TurkishLira36589@outlook.com	323 Gladys Streets, Port Kellybury, Arizona 66880	09-28-1991	489673056
192	Dana	Johnston	Engineer7651@outlook.com	20791 Williamson Fall, South Tressieton, Tennessee 89004	05-25-1995	432731163
193	Cole	Bernhard	wireless55827@gmail.com	677 Turner Spur, Lorenaview, New York 33492	03-07-1969	568015998
194	Carolanne	Koch	Fiji33331@yahoo.com	5954 Runolfsdottir Rue, Raeganborough, Montana 85161	09-13-1968	616116758
195	Aisha	Moen	Wyoming93029@gmail.com	0274 Orion Drives, Karleeport, Wyoming 13193-2103	01-30-1988	268680582
196	Polly	Walker	Executive39546@yahoo.com	82241 Mylene Knolls, Williammouth, Wyoming 09049-9285	03-30-1982	818343739
197	Kayley	Bechtelar	Handcrafted9923@hotmail.com	33698 Schowalter Route, Alberthaport, Kansas 56285-8699	04-26-1961	535492291
198	Malachi	Douglas	TrinidadandTobagoDollar79204@yahoo.com	33513 Kerluke Ville, Medhurstshire, Rhode Island 46175-5433	03-28-1985	875141469
199	Berta	Marquardt	Implementation87642@hotmail.com	011 Stokes Skyway, New Nya, Alaska 62269	02-21-1997	844177842
200	Sally	Roberts	Quality52647@outlook.com	002 Schaefer Fort, Marlonchester, Washington 35882-5379	09-03-1967	286589568
201	Santa	Murphy	Technician68772@yahoo.com	6491 Ambrose Corners, East Lizeth, New Jersey 06324	04-30-1994	037074879
202	Felicity	Hayes	Chips33130@yahoo.com	906 Madyson Cliffs, Kevinfort, Oregon 75269-5080	09-15-1985	978034421
203	Rodrigo	Reinger	payment92122@outlook.com	709 Stanford Heights, North Kole, Alaska 80576-8176	01-19-1984	672069330
204	Maryse	O'Conner	Lead7672@hotmail.com	029 Harber Rapids, Port Clintonton, New Hampshire 91980-7943	11-04-1956	913005988
205	Noble	Conroy	Games4068@outlook.com	39370 Angeline Station, New Montyport, Tennessee 33489	12-10-1979	178129379
206	Elisha	Vandervort	ErgonomicCottonFish49515@hotmail.com	443 Wolff Plains, West Amandamouth, South Dakota 34333-6495	12-18-1960	133215442
207	Marge	Lockman	microchip57727@outlook.com	2672 Barton Hill, East Waldoport, New Jersey 75280-6172	12-19-1962	217374725
208	Rolando	Anderson	HomeLoanAccount67288@yahoo.com	80151 Davis Circles, New Nolanville, Arizona 46284-3232	06-15-1995	969086900
209	Mohammed	Mayer	ebusiness20255@gmail.com	2665 Robert Lodge, North Felicitaburgh, Hawaii 16382	02-20-1985	183555038
210	Oscar	Macejkovic	transmitter83621@gmail.com	9551 Sanford Pine, Lake Cameronville, Nebraska 32907-4512	04-05-1988	877502162
211	Ardith	Senger	navigate23794@gmail.com	8343 Kirlin Mews, Jotown, Michigan 61757	04-06-1960	004779415
212	Patricia	Mosciski	JSON13390@outlook.com	335 Nelle Center, West Agustinaberg, Nevada 78060-9325	12-26-1964	967736004
213	Ara	Williamson	Ridge48922@gmail.com	764 Grimes Prairie, North Janettown, Texas 25164-6354	04-09-1980	304816314
214	Violet	Ondricka	systems77959@yahoo.com	169 Aniya Cape, Kshlerintown, Wyoming 69866	06-27-1989	178865445
215	Selena	Marquardt	Soft77573@hotmail.com	307 Aaliyah Views, Havenville, Alabama 32348-0765	05-13-1970	133365860
216	Deja	Kerluke	Rupiah23672@gmail.com	1774 Corwin Field, New Lionel, Indiana 24225	08-17-1961	457937793
217	Ella	DuBuque	Gloves46993@yahoo.com	4263 Kuvalis Springs, Shayneport, Tennessee 36509-2306	01-11-1955	351017454
218	Gerry	McCullough	Mall41587@hotmail.com	58273 Carroll Crest, East Karlie, California 49195-4414	11-12-1967	276123814
219	Estrella	Crona	Oklahoma56229@hotmail.com	84576 Diamond Valleys, Port Svenburgh, Maine 12870	06-17-1954	918146736
220	Lauren	Sipes	Multilateral7010@outlook.com	9625 Mohr Motorway, East Tyree, Connecticut 57655	05-05-1974	965218744
221	Kelly	Jones	driver78176@yahoo.com	946 Bartell Park, Blickside, Indiana 86790-2995	05-08-1979	587144103
222	Verdie	Gusikowski	HomeLoanAccount11829@hotmail.com	733 Dayne Mall, East Joshuah, Vermont 06149	11-05-1993	999475867
223	Eldora	Gerhold	quantify14760@gmail.com	4151 Bennie Plains, Lessiestad, Massachusetts 64259	03-27-1995	878171877
224	Aurelia	Wisoky	superstructure46221@hotmail.com	551 Kessler Parkway, Townetown, Idaho 93941	08-16-1974	306077188
225	Loy	Fisher	Myanmar43720@outlook.com	63919 Ferry Circle, Adonisville, New York 14871-1938	06-20-1956	022131121
226	Lois	Sauer	infomediaries25644@hotmail.com	181 Stoltenberg Corner, Jedstad, Delaware 15259-6891	05-15-1970	675119101
227	Thurman	Yost	Paraguay68310@yahoo.com	346 Tremblay Groves, West Opaltown, Michigan 43745-2857	11-04-1970	473344566
228	Felicity	Willms	Chicken13041@gmail.com	85795 Claire Flats, New Liachester, Colorado 52673	06-22-1974	033989435
229	Lafayette	White	array51575@outlook.com	187 Marianna Walk, Delfinaport, Oregon 71611	10-15-1960	912300270
230	Marjolaine	Fay	mintgreen49128@outlook.com	39879 Zoe Groves, Alethaland, Wisconsin 69778-0654	05-01-1991	018543838
231	Urban	Rempel	Synchronised34132@outlook.com	71716 DuBuque Pike, Anselport, Vermont 48529-1934	03-19-1958	696018739
232	Nikki	Jones	Nevada14045@yahoo.com	1442 Jaqueline Island, South Jarvisborough, New Hampshire 60961-9856	10-26-1958	542324670
233	Carrie	Lowe	Table73681@gmail.com	4565 Huel Creek, Saulhaven, Louisiana 08776	12-05-1993	097812421
234	Jerome	Aufderhar	redundant66370@hotmail.com	121 Kozey Gardens, North Willy, Vermont 34462-6158	07-28-1993	380304676
235	Fermin	Christiansen	multibyte53985@yahoo.com	75973 Effertz Loaf, South Darren, Maryland 23706-2766	07-04-1956	402054850
236	Shanna	Beer	Illinois77480@gmail.com	67777 Howell Expressway, North Berniece, Idaho 91491	07-25-1970	397206935
237	Shaun	Block	program46636@hotmail.com	3450 Ryan River, Gottliebbury, South Carolina 71625	02-26-1959	126662908
238	Kristopher	Becker	dynamic90449@hotmail.com	223 Missouri Drive, Jasperstad, Alabama 02453	06-08-1991	400642889
239	Judson	Leannon	Engineer4309@gmail.com	4464 Tyra Point, Port Desmondville, Maryland 25937-5028	05-10-1979	792370782
240	Marlin	Keeling	Strategist57522@outlook.com	24822 Urban Causeway, Fadelview, Georgia 92497	08-21-1957	618699152
241	Wallace	Dickinson	Borders76418@yahoo.com	371 Alexa Key, South Elliottport, Montana 15145	10-10-1986	657303163
242	America	Mitchell	mobile20481@outlook.com	733 Major Shore, Berryhaven, South Dakota 97601	05-20-1985	558477043
243	Dejon	Hickle	alarm27790@gmail.com	24929 Volkman Trace, Sawaynville, North Dakota 29426	09-24-1984	452013541
244	Ocie	Little	IB71008@yahoo.com	299 Sipes Via, New Deshawnborough, Utah 33385	12-22-1983	096616129
245	Delaney	Auer	Books34034@gmail.com	1737 Brittany Wells, East Romanhaven, Pennsylvania 84985	11-13-1971	032176406
246	Faye	Sawayn	withdrawal59035@yahoo.com	94723 Justyn Curve, East Danikaborough, Colorado 65118-2384	06-29-1991	241928142
247	Carlee	Dietrich	Gloves42725@hotmail.com	0833 Jacobi Plaza, New Saulberg, South Dakota 92662	07-02-1990	625408977
248	Conor	Yundt	SaudiArabia47383@yahoo.com	837 Reilly Crest, Wiegandborough, Michigan 85407	08-21-1968	225341121
249	Elinore	McLaughlin	Bahamas81905@outlook.com	591 Fahey Islands, Port Madelynn, Mississippi 80421-7458	02-02-1955	553567249
250	Rose	Huel	withdrawal7783@hotmail.com	044 Simonis Lodge, Toyview, Arizona 76530	12-05-1986	635153941
251	Stephania	Purdy	Gambia96559@gmail.com	5541 Walter Spring, East Augusta, Nebraska 72594	05-18-1987	567330813
252	Sanford	Stehr	index86923@outlook.com	700 Langosh Green, North Ameliaside, Wisconsin 84896-4368	01-22-1984	995482156
253	Arlo	Bernhard	etailers36006@yahoo.com	8380 Schoen Mount, Lake Kenya, Connecticut 06811	05-18-1982	649871152
254	Beth	Brown	AustralianDollar85423@gmail.com	4730 Keely Mountain, New Bart, Hawaii 26539-3497	05-04-1993	985652205
255	Orion	Thiel	compelling64038@gmail.com	8910 Chaya Greens, South Tyreek, Arizona 34430-1794	06-20-1994	152315721
256	Dell	Paucek	Expanded77035@outlook.com	7946 Considine Motorway, Rogahnhaven, Washington 26722-5185	05-06-1961	301346039
257	Jena	Mertz	ability2805@outlook.com	966 Luz Views, Port Maverickmouth, Florida 74951	11-11-1993	850465895
258	Howell	MacGyver	mindshare34099@gmail.com	70780 Mraz Mountains, Lake Rossie, Michigan 90632	02-26-1958	211254249
259	Dayna	McKenzie	pink67044@gmail.com	156 Milo Prairie, North Domenicamouth, New York 70387-2545	09-12-1996	981903944
260	Haley	Walsh	Fish93093@yahoo.com	702 Madalyn Vista, Orenstad, Wyoming 05965	12-29-1973	062303444
261	Adah	Gleason	SaudiRiyal19301@outlook.com	94686 Steve Road, Haneside, Arizona 70165-0528	10-27-1954	584057419
262	Dortha	Kunze	synergies27440@yahoo.com	414 Deckow View, North Brennontown, Oklahoma 37757-8614	01-06-1987	116424816
263	Raheem	Shields	JBOD79779@yahoo.com	1884 Jaiden Fords, Nonaland, Nebraska 04301	01-24-1972	678070038
264	Lacey	Botsford	circuit48289@outlook.com	07675 Conn Mountains, North Destin, Utah 32417-6830	11-27-1995	418865215
265	Maria	Schmeler	digital97807@hotmail.com	113 Schamberger Via, North Joana, Tennessee 88890	01-28-1986	554490050
266	Catalina	Cormier	aggregate61928@hotmail.com	76407 Zelma Lakes, Franeckichester, New York 74563	02-01-1961	941155357
267	Pinkie	DuBuque	Borders59622@outlook.com	0618 Russel Knoll, Leolaborough, Montana 53509	12-09-1997	304472898
268	Ignacio	Block	Technician59993@gmail.com	79543 Daniela Row, East Chanelfort, West Virginia 43459-5583	05-07-1965	948080529
269	Kaitlyn	O'Reilly	Chair32485@hotmail.com	979 Eloise Prairie, Rutherfordhaven, North Dakota 31827-1859	08-08-1963	846563234
270	Rosalee	Lueilwitz	ADP61206@gmail.com	7191 Bailey Haven, Tianaville, Vermont 62236-9320	05-06-1990	422101775
271	Keven	Doyle	ADP43984@hotmail.com	72640 Rodriguez Neck, Janieville, Kansas 82030-6325	03-23-1993	348398601
272	Cornelius	Schmeler	3rdgeneration24248@hotmail.com	479 Gottlieb Square, Bauchberg, Delaware 58919	02-20-1977	258874628
273	Annamarie	Schmitt	Fullyconfigurable90839@yahoo.com	043 Hilpert Burgs, North Lethahaven, Tennessee 24258	03-16-1990	719082709
274	Susanna	Paucek	override24624@yahoo.com	81487 Dominique Mountains, South Diego, Colorado 93154-3907	05-27-1992	822024776
275	Valentine	Balistreri	orange65050@gmail.com	22986 McGlynn Trafficway, New Yolandaville, Florida 65049	11-10-1983	000290128
276	Cali	Schuppe	Soap63528@gmail.com	25618 Swaniawski Island, Zemlakfort, Iowa 43857	08-26-1971	304761224
277	Natalia	Sanford	Awesome12286@outlook.com	101 Nelda Locks, South Kiana, Nebraska 25765	06-12-1971	995686859
278	Jarred	Heller	bandwidth80338@outlook.com	55901 London Square, Port Stewartborough, Oregon 33115-8377	12-23-1974	321412950
279	Libbie	Stamm	eservices88227@gmail.com	85124 Alysa Common, Annettachester, Illinois 69347-4938	01-06-1957	684704819
280	Alvera	Adams	digital58826@gmail.com	66429 Elisa Islands, Gloverhaven, Michigan 63640	12-06-1961	380803047
281	Emil	Weissnat	hacking75597@outlook.com	4328 Mertz Drive, Tommieland, California 66961	09-29-1982	162202909
282	Constance	Kovacek	AutoLoanAccount94906@hotmail.com	9103 Kaley Lodge, Lake Arne, Vermont 79372	01-26-1977	166210122
283	Deshaun	Boyer	NewJersey31992@yahoo.com	712 Schmidt Wells, Flatleyland, Wyoming 08016-4675	10-18-1974	560150361
284	Gerardo	Kuphal	Sleek88964@hotmail.com	1040 Mallory Turnpike, Balistreriside, Arkansas 96607	03-14-1983	015354531
285	Nayeli	Torp	Handcrafted44876@hotmail.com	139 Brooks Pike, South Lesleyview, Georgia 89731	08-07-1982	236640439
286	Sasha	Kohler	purple72848@outlook.com	669 Bryana Loaf, Lakinport, North Dakota 57099	03-27-1961	494457936
287	Shawna	Kozey	digital97530@gmail.com	32718 Earline Forge, North Eliza, Nebraska 62580	04-06-1955	854770727
288	Adela	Heaney	red41113@yahoo.com	50429 Flatley Centers, Bernierfurt, Connecticut 31593-0446	07-30-1956	632034910
289	Shana	Stroman	yellow21784@gmail.com	14921 Creola Tunnel, Graycestad, Louisiana 29222-4791	08-18-1974	806512657
290	Donnell	Kovacek	viral68828@yahoo.com	681 Stiedemann Flats, Wileyfurt, Florida 78373-5907	02-13-1956	766425875
291	Mario	Williamson	HandcraftedCottonSalad94869@outlook.com	614 Schulist Centers, Port Rudyton, Pennsylvania 76984	10-30-1979	870969118
292	Miguel	Runte	silver85214@yahoo.com	81274 Bayer Manor, Klingville, Missouri 37277	08-18-1963	641972661
293	Abbey	Huels	Generic77878@outlook.com	8454 Bernadine Wells, South Armani, Louisiana 28138	10-28-1979	577279432
294	Noble	Dickens	Trail75946@hotmail.com	78322 Morgan Junction, East Laura, Delaware 99141-2536	01-28-1993	009384726
295	Dee	Hessel	Estate73241@hotmail.com	609 Towne Canyon, West Michalestad, Iowa 73181	09-13-1993	846433755
296	Jovany	Hartmann	Dynamic49125@hotmail.com	308 Richmond Groves, West Brooklyn, Maine 20864	06-03-1958	705059892
297	Taya	Conn	emulation63021@gmail.com	357 Manuela Fords, North Sammystad, Florida 37725-6869	01-07-1957	480186062
298	Santa	Dietrich	neuralnet24578@outlook.com	0527 Bernhard Spur, Marcellestad, Alabama 51140-2644	10-13-1958	170308322
299	Rolando	Reilly	virtual14566@yahoo.com	641 Blaise Motorway, East Sydnie, Oregon 12869	09-02-1963	077653323
300	Katlyn	Stoltenberg	nonvolatile70767@gmail.com	41122 Elliot Forest, New Virgilmouth, Massachusetts 20651	07-31-1960	196258805
